{"cameraMode":{"drawMode":0,"name":"Shaded","section":"Shading Mode"},"sceneLighting":false,"audioPlay":false,"sceneViewState":{"m_AlwaysRefresh":false,"showFog":true,"showSkybox":false,"showFlares":true,"showImageEffects":true,"showParticleSystems":true,"showVisualEffectGraphs":true,"m_FxEnabled":true},"in2DMode":false,"pivot":{"x":-1.5009576082229615,"y":0.13178592920303346,"z":0.3910001516342163},"rotation":{"x":-0.2058596909046173,"y":0.015446254052221775,"z":-0.002215500921010971,"w":-0.9786736369132996},"size":1.8886210918426514,"orthographic":false}