{"cameraMode":{"drawMode":0,"name":"Shaded","section":"Shading Mode"},"sceneLighting":false,"audioPlay":false,"sceneViewState":{"m_AlwaysRefresh":false,"showFog":true,"showSkybox":false,"showFlares":true,"showImageEffects":true,"showParticleSystems":true,"showVisualEffectGraphs":true,"m_FxEnabled":true},"in2DMode":false,"pivot":{"x":0.47481560707092287,"y":0.08880174160003662,"z":0.3801614046096802},"rotation":{"x":-0.2445758879184723,"y":-0.335232675075531,"z":0.09204762428998947,"w":-0.9055150747299194},"size":1.6989997625350953,"orthographic":false}