{"cameraMode":{"drawMode":0,"name":"Shaded","section":"Shading Mode"},"sceneLighting":false,"audioPlay":false,"sceneViewState":{"m_AlwaysRefresh":false,"showFog":true,"showSkybox":false,"showFlares":true,"showImageEffects":true,"showParticleSystems":true,"showVisualEffectGraphs":true,"m_FxEnabled":true},"in2DMode":false,"pivot":{"x":-2.303367853164673,"y":0.11900001019239426,"z":0.40652143955230715},"rotation":{"x":-0.30581989884376528,"y":0.02372710220515728,"z":-0.006517732981592417,"w":-0.9519771933555603},"size":2.531736135482788,"orthographic":false}