{"cameraMode":{"drawMode":0,"name":"Shaded","section":"Shading Mode"},"sceneLighting":false,"audioPlay":false,"sceneViewState":{"m_AlwaysRefresh":false,"showFog":true,"showSkybox":false,"showFlares":true,"showImageEffects":true,"showParticleSystems":true,"showVisualEffectGraphs":true,"m_FxEnabled":true},"in2DMode":false,"pivot":{"x":1.9568239450454713,"y":-8.386085510253907,"z":-0.6630620956420898},"rotation":{"x":0.025959119200706483,"y":-0.8196117281913757,"z":0.5718967318534851,"w":0.03389870747923851},"size":10.237762451171875,"orthographic":false}