{"cameraMode":{"drawMode":0,"name":"Shaded","section":"Shading Mode"},"sceneLighting":false,"audioPlay":false,"sceneViewState":{"m_AlwaysRefresh":false,"showFog":true,"showSkybox":false,"showFlares":true,"showImageEffects":true,"showParticleSystems":true,"showVisualEffectGraphs":true,"m_FxEnabled":true},"in2DMode":false,"pivot":{"x":0.24378609657287599,"y":-0.9525079727172852,"z":-1.3263845443725587},"rotation":{"x":-0.48663708567619326,"y":-0.28133827447891238,"z":0.17112880945205689,"w":-0.8095585703849793},"size":6.2196149826049809,"orthographic":false}