{"cameraMode":{"drawMode":0,"name":"Shaded","section":"Shading Mode"},"sceneLighting":false,"audioPlay":false,"sceneViewState":{"m_AlwaysRefresh":false,"showFog":true,"showSkybox":false,"showFlares":true,"showImageEffects":true,"showParticleSystems":true,"showVisualEffectGraphs":true,"m_FxEnabled":true},"in2DMode":false,"pivot":{"x":-0.36690574884414675,"y":1.1098960638046265,"z":-0.2034766674041748},"rotation":{"x":-0.03662027791142464,"y":-0.33043935894966128,"z":0.014357220381498337,"w":-0.9433521032333374},"size":1.470829725265503,"orthographic":false}