{"cameraMode":{"drawMode":0,"name":"Shaded","section":"Shading Mode"},"sceneLighting":false,"audioPlay":false,"sceneViewState":{"m_AlwaysRefresh":false,"showFog":true,"showSkybox":false,"showFlares":true,"showImageEffects":true,"showParticleSystems":true,"showVisualEffectGraphs":true,"m_FxEnabled":true},"in2DMode":false,"pivot":{"x":-0.0002448558807373047,"y":2.7840166091918947,"z":0.00005418062210083008},"rotation":{"x":0.3257596492767334,"y":0.1717059165239334,"z":-0.06134670972824097,"w":0.9279142022132874},"size":3.6967620849609377,"orthographic":false}