{"cameraMode":{"drawMode":0,"name":"Shaded","section":"Shading Mode"},"sceneLighting":false,"audioPlay":false,"sceneViewState":{"m_AlwaysRefresh":false,"showFog":true,"showSkybox":false,"showFlares":true,"showImageEffects":true,"showParticleSystems":true,"showVisualEffectGraphs":true,"m_FxEnabled":true},"in2DMode":false,"pivot":{"x":0.005995750427246094,"y":-0.15874338150024415,"z":0.3266019821166992},"rotation":{"x":-0.1722453534603119,"y":0.8208774328231812,"z":-0.3141600489616394,"w":-0.44543036818504336},"size":3.4020698070526125,"orthographic":false}