{"cameraMode":{"drawMode":0,"name":"Shaded","section":"Shading Mode"},"sceneLighting":false,"audioPlay":false,"sceneViewState":{"m_AlwaysRefresh":false,"showFog":true,"showSkybox":false,"showFlares":true,"showImageEffects":true,"showParticleSystems":true,"showVisualEffectGraphs":true,"m_FxEnabled":true},"in2DMode":false,"pivot":{"x":-1.7435270547866822,"y":0.10705173015594483,"z":-0.28436940908432009},"rotation":{"x":-0.08549217134714127,"y":-0.6502088308334351,"z":0.0755472332239151,"w":-0.7514291405677795},"size":0.6879351139068604,"orthographic":false}