{"cameraMode":{"drawMode":0,"name":"Shaded","section":"Shading Mode"},"sceneLighting":false,"audioPlay":false,"sceneViewState":{"m_AlwaysRefresh":false,"showFog":true,"showSkybox":false,"showFlares":true,"showImageEffects":true,"showParticleSystems":true,"showVisualEffectGraphs":true,"m_FxEnabled":true},"in2DMode":false,"pivot":{"x":-1.361182451248169,"y":0.08538627624511719,"z":-0.5819275379180908},"rotation":{"x":-0.15117570757865907,"y":-0.8454216718673706,"z":0.32791268825531008,"w":-0.39434152841567995},"size":3.432541608810425,"orthographic":false}